{
    "useprotocol": "http",
    "cse": {
        "cbhost": "203.253.128.151",
        "cbport": "7579",
        "cbname": "mobius-yt",
        "cbcseid": "/mobius-yt"
    },
    "ae": {
        "aeid": "bicycle_test",
        "appid": "0.2.481.1.1",
        "appname": "bicycle_test",
        "appport": "9727",
        "bodytype": "xml",
        "tasport": "3105"
    },
    "cnt": [
        {
            "parentpath": "/bicycle_test",
            "ctname": "parking_mode"
        },
        {
            "parentpath": "/bicycle_test",
            "ctname": "parking_location"
        },
        {
            "parentpath": "/bicycle_test",
            "ctname": "gps_location"
        },
        {
            "parentpath": "/bicycle_test",
            "ctname": "lost_bicycle"
        }
    ],
    "sub": [
        {
            "parentpath": "/bicycle_test/parking_mode",
            "subname": "down_location",
            "nu": "mqtt://203.253.128.151/bicycle_test"
        }
    ]
}