{
    "useprotocol": "coap",
    "usesecure": "disable",
    "cse": {
        "host": "localhost",
        "port": "7579",
        "name": "mobius-yt",
        "id": "/mobius-yt",
        "mqttport": "1883"
    },
    "ae": {
        "id": "ae-edu0",
        "parent": "/mobius-yt",
        "name": "ae-edu0",
        "appid": "0.2.481.1.1",
        "port": "9727",
        "bodytype": "json",
        "tasport": "3105"
    },
    "cnt": [
        {
            "parent": "/mobius-yt/ae-edu0",
            "name": "cnt-co2"
        },
        {
            "parent": "/mobius-yt/ae-edu0",
            "name": "cnt-led"
        },
        {
            "parent": "/mobius-yt/ae-edu0",
            "name": "cnt-timer"
        }
    ],
    "sub": [
        {
            "parent": "/mobius-yt/ae-edu0/cnt-led",
            "name": "sub-ctrl",
            "nu": "mqtt://localhost/ae-edu0"
        }
    ],
    "acp": {
        "parent": "/mobius-yt/ae-edu0",
        "name": "acp-ae-edu0",
        "id": "ae-edu0"
    }
}